org.apache.camel,apt,2.25.4
org.apache.camel,camel-ahc,2.25.4
org.apache.camel,camel-ahc-ws,2.25.4
org.apache.camel,camel-amqp,2.25.4
org.apache.camel,camel-apns,2.25.4
org.apache.camel,camel-as2,2.25.4
org.apache.camel,camel-asn1,2.25.4
org.apache.camel,camel-asterisk,2.25.4
org.apache.camel,camel-atmos,2.25.4
org.apache.camel,camel-atmosphere-websocket,2.25.4
org.apache.camel,camel-atom,2.25.4
org.apache.camel,camel-atomix,2.25.4
org.apache.camel,camel-avro,2.25.4
org.apache.camel,camel-aws,2.25.4
org.apache.camel,camel-aws-xray,2.25.4
org.apache.camel,camel-azure,2.25.4
org.apache.camel,camel-bam,2.25.4
org.apache.camel,camel-barcode,2.25.4
org.apache.camel,camel-base64,2.25.4
org.apache.camel,camel-bean-validator,2.25.4
org.apache.camel,camel-beanio,2.25.4
org.apache.camel,camel-beanstalk,2.25.4
org.apache.camel,camel-bindy,2.25.4
org.apache.camel,camel-blueprint,2.25.4
org.apache.camel,camel-bonita,2.25.4
org.apache.camel,camel-boon,2.25.4
org.apache.camel,camel-box,2.25.4
org.apache.camel,camel-box-api,2.25.4
org.apache.camel,camel-braintree,2.25.4
org.apache.camel,camel-cache,2.25.4
org.apache.camel,camel-caffeine,2.25.4
org.apache.camel,camel-cassandraql,2.25.4
org.apache.camel,camel-castor,2.25.4
org.apache.camel,camel-catalog,2.25.4
org.apache.camel,camel-catalog-connector,2.25.4
org.apache.camel,camel-catalog-lucene,2.25.4
org.apache.camel,camel-catalog-maven,2.25.4
org.apache.camel,camel-catalog-nexus,2.25.4
org.apache.camel,camel-catalog-provider-karaf,2.25.4
org.apache.camel,camel-catalog-provider-springboot,2.25.4
org.apache.camel,camel-catalog-rest,2.25.4
org.apache.camel,camel-catalog-rest-app,2.25.4
org.apache.camel,camel-cdi,2.25.4
org.apache.camel,camel-chronicle,2.25.4
org.apache.camel,camel-chunk,2.25.4
org.apache.camel,camel-cm-sms,2.25.4
org.apache.camel,camel-cmis,2.25.4
org.apache.camel,camel-coap,2.25.4
org.apache.camel,camel-cometd,2.25.4
org.apache.camel,camel-commands-core,2.25.4
org.apache.camel,camel-commands-jolokia,2.25.4
org.apache.camel,camel-connector,2.25.4
org.apache.camel,camel-consul,2.25.4
org.apache.camel,camel-context,2.25.4
org.apache.camel,camel-corda,2.25.4
org.apache.camel,camel-core1 vulnerability,2.25.4
org.apache.camel,camel-core1 vulnerability,2.25.4
org.apache.camel,camel-core-osgi,2.25.4
org.apache.camel,camel-core-xml,2.25.4
org.apache.camel,camel-couchbase,2.25.4
org.apache.camel,camel-couchdb,2.25.4
org.apache.camel,camel-crypto,2.25.4
org.apache.camel,camel-crypto-cms,2.25.4
org.apache.camel,camel-csv,2.25.4
org.apache.camel,camel-cxf,2.25.4
org.apache.camel,camel-cxf-transport,2.25.4
org.apache.camel,camel-digitalocean,2.25.4
org.apache.camel,camel-disruptor,2.25.4
org.apache.camel,camel-dns,2.25.4
org.apache.camel,camel-docker,2.25.4
org.apache.camel,camel-dozer,2.25.4
org.apache.camel,camel-drill,2.25.4
org.apache.camel,camel-dropbox,2.25.4
org.apache.camel,camel-eclipse,2.25.4
org.apache.camel,camel-ehcache,2.25.4
org.apache.camel,camel-ejb,2.25.4
org.apache.camel,camel-elasticsearch,2.25.4
org.apache.camel,camel-elasticsearch-rest,2.25.4
org.apache.camel,camel-elasticsearch5,2.25.4
org.apache.camel,camel-elsql,2.25.4
org.apache.camel,camel-etcd,2.25.4
org.apache.camel,camel-eventadmin,2.25.4
org.apache.camel,camel-exec,2.25.4
org.apache.camel,camel-facebook,2.25.4
org.apache.camel,camel-fastjson,2.25.4
org.apache.camel,camel-fhir,2.25.4
org.apache.camel,camel-fhir-api,2.25.4
org.apache.camel,camel-flatpack,2.25.4
org.apache.camel,camel-flink,2.25.4
org.apache.camel,camel-fop,2.25.4
org.apache.camel,camel-freemarker,2.25.4
org.apache.camel,camel-ftp,2.25.4
org.apache.camel,camel-ganglia,2.25.4
org.apache.camel,camel-geocoder,2.25.4
org.apache.camel,camel-git,2.25.4
org.apache.camel,camel-github,2.25.4
org.apache.camel,camel-google-bigquery,2.25.4
org.apache.camel,camel-google-calendar,2.25.4
org.apache.camel,camel-google-drive,2.25.4
org.apache.camel,camel-google-mail,2.25.4
org.apache.camel,camel-google-pubsub,2.25.4
org.apache.camel,camel-google-sheets,2.25.4
org.apache.camel,camel-gora,2.25.4
org.apache.camel,camel-grape,2.25.4
org.apache.camel,camel-groovy,2.25.4
org.apache.camel,camel-groovy-dsl,2.25.4
org.apache.camel,camel-grpc,2.25.4
org.apache.camel,camel-gson,2.25.4
org.apache.camel,camel-guava-eventbus,2.25.4
org.apache.camel,camel-guice,2.25.4
org.apache.camel,camel-hawtdb,2.25.4
org.apache.camel,camel-hazelcast,2.25.4
org.apache.camel,camel-hbase,2.25.4
org.apache.camel,camel-hdfs,2.25.4
org.apache.camel,camel-hdfs2,2.25.4
org.apache.camel,camel-headersmap,2.25.4
org.apache.camel,camel-hessian,2.25.4
org.apache.camel,camel-hipchat,2.25.4
org.apache.camel,camel-hl7,2.25.4
org.apache.camel,camel-http,2.25.4
org.apache.camel,camel-http-common,2.25.4
org.apache.camel,camel-http4,2.25.4
org.apache.camel,camel-hystrix,2.25.4
org.apache.camel,camel-ibatis,2.25.4
org.apache.camel,camel-ical,2.25.4
org.apache.camel,camel-iec60870,2.25.4
org.apache.camel,camel-ignite,2.25.4
org.apache.camel,camel-infinispan,2.25.4
org.apache.camel,camel-influxdb,2.25.4
org.apache.camel,camel-iota,2.25.4
org.apache.camel,camel-ipfs,2.25.4
org.apache.camel,camel-irc,2.25.4
org.apache.camel,camel-ironmq,2.25.4
org.apache.camel,camel-jackson,2.25.4
org.apache.camel,camel-jacksonxml,2.25.4
org.apache.camel,camel-jasypt,2.25.4
org.apache.camel,camel-javaspace,2.25.4
org.apache.camel,camel-jaxb,2.25.4
org.apache.camel,camel-jbpm,2.25.4
org.apache.camel,camel-jcache,2.25.4
org.apache.camel,camel-jclouds,2.25.4
org.apache.camel,camel-jcr,2.25.4
org.apache.camel,camel-jdbc,2.25.4
org.apache.camel,camel-jetty,2.25.4
org.apache.camel,camel-jetty-common,2.25.4
org.apache.camel,camel-jetty9,2.25.4
org.apache.camel,camel-jgroups,2.25.4
org.apache.camel,camel-jgroups-raft,2.25.4
org.apache.camel,camel-jibx,2.25.4
org.apache.camel,camel-jing,2.25.4
org.apache.camel,camel-jira,2.25.4
org.apache.camel,camel-jms,2.25.4
org.apache.camel,camel-jmx,2.25.4
org.apache.camel,camel-johnzon,2.25.4
org.apache.camel,camel-jolt,2.25.4
org.apache.camel,camel-josql,2.25.4
org.apache.camel,camel-jpa,2.25.4
org.apache.camel,camel-jsch,2.25.4
org.apache.camel,camel-json-validator,2.25.4
org.apache.camel,camel-jsonpath,2.25.4
org.apache.camel,camel-jt400,2.25.4
org.apache.camel,camel-juel,2.25.4
org.apache.camel,camel-jxpath,2.25.4
org.apache.camel,camel-kafka,2.25.4
org.apache.camel,camel-kestrel,2.25.4
org.apache.camel,camel-krati,2.25.4
org.apache.camel,camel-kubernetes,2.25.4
org.apache.camel,camel-kura,2.25.4
org.apache.camel,camel-ldap1 vulnerability,2.25.4
org.apache.camel,camel-ldif,2.25.4
org.apache.camel,camel-leveldb,2.25.4
org.apache.camel,camel-linkedin,2.25.4
org.apache.camel,camel-linkedin-api,2.25.4
org.apache.camel,camel-lra,2.25.4
org.apache.camel,camel-lucene,2.25.4
org.apache.camel,camel-lumberjack,2.25.4
org.apache.camel,camel-lzf,2.25.4
org.apache.camel,camel-mail,2.25.4
org.apache.camel,camel-manual,2.25.4
org.apache.camel,camel-master,2.25.4
org.apache.camel,camel-metrics,2.25.4
org.apache.camel,camel-micrometer,2.25.4
org.apache.camel,camel-milo,2.25.4
org.apache.camel,camel-mina,2.25.4
org.apache.camel,camel-mina2,2.25.4
org.apache.camel,camel-mllp,2.25.4
org.apache.camel,camel-mongodb,2.25.4
org.apache.camel,camel-mongodb-gridfs,2.25.4
org.apache.camel,camel-mongodb3,2.25.4
org.apache.camel,camel-mqtt,2.25.4
org.apache.camel,camel-msv,2.25.4
org.apache.camel,camel-mustache,2.25.4
org.apache.camel,camel-mvel,2.25.4
org.apache.camel,camel-mybatis,2.25.4
org.apache.camel,camel-nagios,2.25.4
org.apache.camel,camel-nats,2.25.4
org.apache.camel,camel-netty,2.25.4
org.apache.camel,camel-netty-http,2.25.4
org.apache.camel,camel-netty4,2.25.4
org.apache.camel,camel-netty4-http,2.25.4
org.apache.camel,camel-nsq,2.25.4
org.apache.camel,camel-ognl,2.25.4
org.apache.camel,camel-olingo2,2.25.4
org.apache.camel,camel-olingo2-api,2.25.4
org.apache.camel,camel-olingo4,2.25.4
org.apache.camel,camel-olingo4-api,2.25.4
org.apache.camel,camel-openshift,2.25.4
org.apache.camel,camel-openstack,2.25.4
org.apache.camel,camel-opentracing,2.25.4
org.apache.camel,camel-optaplanner,2.25.4
org.apache.camel,camel-paho,2.25.4
org.apache.camel,camel-paxlogging,2.25.4
org.apache.camel,camel-pdf,2.25.4
org.apache.camel,camel-pgevent,2.25.4
org.apache.camel,camel-printer,2.25.4
org.apache.camel,camel-protobuf,2.25.4
org.apache.camel,camel-pubnub,2.25.4
org.apache.camel,camel-pulsar,2.25.4
org.apache.camel,camel-quartz,2.25.4
org.apache.camel,camel-quartz2,2.25.4
org.apache.camel,camel-quickfix,2.25.4
org.apache.camel,camel-rabbitmq,2.25.4
org.apache.camel,camel-reactive-streams,2.25.4
org.apache.camel,camel-reactor,2.25.4
org.apache.camel,camel-rest-swagger,2.25.4
org.apache.camel,camel-restlet,2.25.4
org.apache.camel,camel-ribbon,2.25.4
org.apache.camel,camel-rmi,2.25.4
org.apache.camel,camel-route-parser,2.25.4
org.apache.camel,camel-routebox,2.25.4
org.apache.camel,camel-rss,2.25.4
org.apache.camel,camel-ruby,2.25.4
org.apache.camel,camel-rx,2.25.4
org.apache.camel,camel-rxjava2,2.25.4
org.apache.camel,camel-salesforce,2.25.4
org.apache.camel,camel-sap-netweaver,2.25.4
org.apache.camel,camel-saxon,2.25.4
org.apache.camel,camel-scala,2.25.4
org.apache.camel,camel-schematron,2.25.4
org.apache.camel,camel-scr,2.25.4
org.apache.camel,camel-script,2.25.4
org.apache.camel,camel-service,2.25.4
org.apache.camel,camel-servicenow,2.25.4
org.apache.camel,camel-servlet,2.25.4
org.apache.camel,camel-servletlistener,2.25.4
org.apache.camel,camel-shiro,2.25.4
org.apache.camel,camel-sip,2.25.4
org.apache.camel,camel-sjms,2.25.4
org.apache.camel,camel-sjms2,2.25.4
org.apache.camel,camel-slack,2.25.4
org.apache.camel,camel-smpp,2.25.4
org.apache.camel,camel-snakeyaml,2.25.4
org.apache.camel,camel-snmp,2.25.4
org.apache.camel,camel-soap,2.25.4
org.apache.camel,camel-solr,2.25.4
org.apache.camel,camel-spark,2.25.4
org.apache.camel,camel-spark-rest,2.25.4
org.apache.camel,camel-splunk,2.25.4
org.apache.camel,camel-spring,2.25.4
org.apache.camel,camel-spring-batch,2.25.4
org.apache.camel,camel-spring-boot,2.25.4
org.apache.camel,camel-spring-cloud,2.25.4
org.apache.camel,camel-spring-cloud-consul,2.25.4
org.apache.camel,camel-spring-cloud-netflix,2.25.4
org.apache.camel,camel-spring-cloud-zookeeper,2.25.4
org.apache.camel,camel-spring-integration,2.25.4
org.apache.camel,camel-spring-javaconfig,2.25.4
org.apache.camel,camel-spring-ldap,2.25.4
org.apache.camel,camel-spring-redis,2.25.4
org.apache.camel,camel-spring-security,2.25.4
org.apache.camel,camel-spring-ws,2.25.4
org.apache.camel,camel-sql,2.25.4
org.apache.camel,camel-ssh,2.25.4
org.apache.camel,camel-stax,2.25.4
org.apache.camel,camel-stomp,2.25.4
org.apache.camel,camel-stream,2.25.4
org.apache.camel,camel-stringtemplate,2.25.4
org.apache.camel,camel-swagger,2.25.4
org.apache.camel,camel-swagger-java,2.25.4
org.apache.camel,camel-syslog,2.25.4
org.apache.camel,camel-tagsoup,2.25.4
org.apache.camel,camel-tarfile,2.25.4
org.apache.camel,camel-telegram,2.25.4
org.apache.camel,camel-test,2.25.4
org.apache.camel,camel-test-blueprint,2.25.4
org.apache.camel,camel-test-cdi,2.25.4
org.apache.camel,camel-test-karaf,2.25.4
org.apache.camel,camel-test-spring,2.25.4
org.apache.camel,camel-testcontainers,2.25.4
org.apache.camel,camel-testcontainers-spring,2.25.4
org.apache.camel,camel-testng,2.25.4
org.apache.camel,camel-thrift,2.25.4
org.apache.camel,camel-tika,2.25.4
org.apache.camel,camel-twilio,2.25.4
org.apache.camel,camel-twitter,2.25.4
org.apache.camel,camel-undertow,2.25.4
org.apache.camel,camel-univocity-parsers,2.25.4
org.apache.camel,camel-urlrewrite,2.25.4
org.apache.camel,camel-velocity,2.25.4
org.apache.camel,camel-vertx,2.25.4
org.apache.camel,camel-weather,2.25.4
org.apache.camel,camel-web3j,2.25.4
org.apache.camel,camel-websocket,2.25.4
org.apache.camel,camel-websocket-jsr356,2.25.4
org.apache.camel,camel-wordpress,2.25.4
org.apache.camel,camel-xchange,2.25.4
org.apache.camel,camel-xmlbeans,2.25.4
org.apache.camel,camel-xmlrpc,2.25.4
org.apache.camel,camel-xmlsecurity,2.25.4
org.apache.camel,camel-xmpp,2.25.4
org.apache.camel,camel-xstream,2.25.4
org.apache.camel,camel-yammer,2.25.4
org.apache.camel,camel-zendesk,2.25.4
org.apache.camel,camel-zipfile,2.25.4
org.apache.camel,camel-zipkin,2.25.4
org.apache.camel,camel-zookeeper,2.25.4
org.apache.camel,camel-zookeeper-master,2.25.4
org.apache.camel,spi-annotations,2.25.4
org.apache.camel.karaf,camel-karaf-commands,2.25.4
org.apache.camel.tests,org.apache.camel.tests.mock-javamail_1.7,2.25.4
