org.springframework.cloud,spring-cloud-function-dependencies,4.0.5
org.springframework.cloud,spring-cloud-gateway-dependencies,4.0.7
org.springframework.cloud,spring-cloud-consul-dependencies,4.0.3
org.springframework.cloud,spring-cloud-vault-dependencies,4.0.1
org.springframework.cloud,spring-cloud-zookeeper-dependencies,4.0.1
org.springframework.cloud,spring-cloud-bus-dependencies,4.0.1
org.springframework.cloud,spring-cloud-contract-dependencies,4.0.4
org.springframework.cloud,spring-cloud-openfeign-dependencies,4.0.4
org.springframework.cloud,spring-cloud-kubernetes-dependencies,3.0.4
org.springframework.cloud,spring-cloud-commons,4.0.4
org.springframework.cloud,spring-cloud-context,4.0.4
org.springframework.cloud,spring-cloud-loadbalancer,4.0.4
org.springframework.cloud,spring-cloud-starter,4.0.4
org.springframework.cloud,spring-cloud-starter-bootstrap,4.0.4
org.springframework.cloud,spring-cloud-starter-loadbalancer,4.0.4
org.springframework.cloud,spring-cloud-test-support,4.0.4
org.springframework.cloud,spring-cloud-netflix-eureka-client,4.0.3
org.springframework.cloud,spring-cloud-starter-netflix-eureka-client,4.0.3
org.springframework.cloud,spring-cloud-starter-netflix-eureka-server,4.0.3
org.springframework.cloud,spring-cloud-netflix-eureka-server,4.0.3
org.springframework.cloud,spring-cloud-stream,4.0.4
org.springframework.cloud,spring-cloud-stream-test-binder,4.0.4
org.springframework.cloud,spring-cloud-stream-test-support,4.0.4
org.springframework.cloud,spring-cloud-stream-binder-kafka,4.0.4
org.springframework.cloud,spring-cloud-stream-binder-kafka-reactive,4.0.4
org.springframework.cloud,spring-cloud-stream-binder-kafka-streams,4.0.4
org.springframework.cloud,spring-cloud-stream-binder-kafka-core,4.0.4
org.springframework.cloud,spring-cloud-starter-stream-kafka,4.0.4
org.springframework.cloud,spring-cloud-stream-binder-rabbit,4.0.4
org.springframework.cloud,spring-cloud-stream-binder-rabbit-core,4.0.4
org.springframework.cloud,spring-cloud-starter-stream-rabbit,4.0.4
org.springframework.cloud,spring-cloud-stream-binder-rabbit-test-support,4.0.4
org.springframework.cloud,spring-cloud-stream-schema-registry-client,4.0.4
org.springframework.cloud,spring-cloud-stream-schema-registry-core,4.0.4
org.springframework.cloud,spring-cloud-stream-schema-registry-server,4.0.4
org.springframework.cloud,spring-cloud-starter-task,3.0.3
org.springframework.cloud,spring-cloud-task-core,3.0.3
org.springframework.cloud,spring-cloud-task-batch,3.0.3
org.springframework.cloud,spring-cloud-task-stream,3.0.3
org.springframework.cloud,spring-cloud-circuitbreaker-resilience4j,3.0.3
org.springframework.cloud,spring-cloud-circuitbreaker-spring-retry,3.0.3
org.springframework.cloud,spring-cloud-starter-circuitbreaker-spring-retry,3.0.3
org.springframework.cloud,spring-cloud-starter-circuitbreaker-resilience4j,3.0.3
org.springframework.cloud,spring-cloud-starter-circuitbreaker-reactor-resilience4j,3.0.3
org.springframework.cloud,spring-cloud-starter-config,4.0.4
org.springframework.cloud,spring-cloud-config-client,4.0.4
org.springframework.cloud,spring-cloud-config-server,4.0.4
org.springframework.cloud,spring-cloud-config-monitor,4.0.4
org.springframework.credhub,spring-credhub-core,2.1.1.RELEASE,3.0.0
org.springframework.security,spring-security-rsa,1.0.12.RELEASE,1.1.1
org.springframework.vault,spring-vault-core,3.0.2